--
-- PostgreSQL database dump
--

\restrict huwsPbtWOgAnEAqzA3uNc7qioWcYfB7sAiXE0hombuzp0Ibyw7td4mTlRNRDJlP

-- Dumped from database version 14.20 (Homebrew)
-- Dumped by pg_dump version 17.7 (Homebrew)

SET statement_timeout = 0;
SET lock_timeout = 0;
SET idle_in_transaction_session_timeout = 0;
SET transaction_timeout = 0;
SET client_encoding = 'UTF8';
SET standard_conforming_strings = on;
SELECT pg_catalog.set_config('search_path', '', false);
SET check_function_bodies = false;
SET xmloption = content;
SET client_min_messages = warning;
SET row_security = off;

--
-- Name: public; Type: SCHEMA; Schema: -; Owner: yes
--

-- *not* creating schema, since initdb creates it


ALTER SCHEMA public OWNER TO yes;

SET default_tablespace = '';

SET default_table_access_method = heap;

--
-- Name: 계좌; Type: TABLE; Schema: public; Owner: bankuser
--

CREATE TABLE public."계좌" (
    id bigint NOT NULL,
    "계좌번호" character varying(255) NOT NULL,
    "잔액" numeric(38,2) NOT NULL,
    "사용자_id" bigint
);


ALTER TABLE public."계좌" OWNER TO bankuser;

--
-- Name: 계좌_id_seq; Type: SEQUENCE; Schema: public; Owner: bankuser
--

ALTER TABLE public."계좌" ALTER COLUMN id ADD GENERATED BY DEFAULT AS IDENTITY (
    SEQUENCE NAME public."계좌_id_seq"
    START WITH 1
    INCREMENT BY 1
    NO MINVALUE
    NO MAXVALUE
    CACHE 1
);


--
-- Name: 리프레시_토큰; Type: TABLE; Schema: public; Owner: bankuser
--

CREATE TABLE public."리프레시_토큰" (
    "토큰_id" bigint NOT NULL,
    "만료일시" timestamp(6) without time zone,
    "토큰" character varying(255) NOT NULL,
    "사용자_id" bigint
);


ALTER TABLE public."리프레시_토큰" OWNER TO bankuser;

--
-- Name: 리프레시_토큰_토큰_id_seq; Type: SEQUENCE; Schema: public; Owner: bankuser
--

ALTER TABLE public."리프레시_토큰" ALTER COLUMN "토큰_id" ADD GENERATED BY DEFAULT AS IDENTITY (
    SEQUENCE NAME public."리프레시_토큰_토큰_id_seq"
    START WITH 1
    INCREMENT BY 1
    NO MINVALUE
    NO MAXVALUE
    CACHE 1
);


--
-- Name: 사용자; Type: TABLE; Schema: public; Owner: bankuser
--

CREATE TABLE public."사용자" (
    "사용자_id" bigint NOT NULL,
    "생성일시" timestamp(6) without time zone NOT NULL,
    "이메일" character varying(255) NOT NULL,
    "사용자_pw" character varying(255) NOT NULL,
    "역할" character varying(255) NOT NULL,
    "상태" character varying(255) NOT NULL
);


ALTER TABLE public."사용자" OWNER TO bankuser;

--
-- Name: 사용자_사용자_id_seq; Type: SEQUENCE; Schema: public; Owner: bankuser
--

ALTER TABLE public."사용자" ALTER COLUMN "사용자_id" ADD GENERATED BY DEFAULT AS IDENTITY (
    SEQUENCE NAME public."사용자_사용자_id_seq"
    START WITH 1
    INCREMENT BY 1
    NO MINVALUE
    NO MAXVALUE
    CACHE 1
);


--
-- Name: 사용자_프로필; Type: TABLE; Schema: public; Owner: bankuser
--

CREATE TABLE public."사용자_프로필" (
    "사용자_id" bigint NOT NULL,
    "생성일시" timestamp(6) without time zone,
    "이름" character varying(255) NOT NULL,
    "핸드폰번호" character varying(255),
    "주민번호_암호화" character varying(255) NOT NULL,
    "수정일시" timestamp(6) without time zone,
    "주소" character varying(255)
);


ALTER TABLE public."사용자_프로필" OWNER TO bankuser;

--
-- Data for Name: 계좌; Type: TABLE DATA; Schema: public; Owner: bankuser
--

COPY public."계좌" (id, "계좌번호", "잔액", "사용자_id") FROM stdin;
\.


--
-- Data for Name: 리프레시_토큰; Type: TABLE DATA; Schema: public; Owner: bankuser
--

COPY public."리프레시_토큰" ("토큰_id", "만료일시", "토큰", "사용자_id") FROM stdin;
3	2026-02-09 17:21:32.197557	7dd1bb7e-35c4-4fa5-b09b-b144782bf3c2	6
2	2026-02-15 17:31:32.725764	094e30dd-0f96-4c9c-8039-87cc9d49ade6	5
4	2026-02-15 17:56:16.161703	b980af1e-166e-4290-9a52-87a3ed166012	8
1	2026-02-15 18:08:15.893545	e81cd7db-3b91-4d7f-9ea7-d9ab05856b99	1
\.


--
-- Data for Name: 사용자; Type: TABLE DATA; Schema: public; Owner: bankuser
--

COPY public."사용자" ("사용자_id", "생성일시", "이메일", "사용자_pw", "역할", "상태") FROM stdin;
1	2026-01-26 16:32:05.36502	by07255@naver.com	$2a$10$gMI60PEfAHTc3oz8u4XdbOQbwoNYlxbiOwaOSsInCvd7w8L5hce3a	USER	ACTIVE
4	2026-01-26 16:57:59.695048	by07256@naver.com	$2a$10$.q4UyoRmaFfQzGWXAGqyPOH43/qAti2..woKvQcszHRcdkWdVfseG	USER	ACTIVE
5	2026-01-26 17:15:04.478363	1234@naver.com	$2a$10$MPGpQSCRYAgD01PNS9XRsejs3vJIDlo4QTPiwXWp.g2id/4.Xv1VO	USER	ACTIVE
6	2026-01-26 17:19:51.364174	qwerqwer@naver.com	$2a$10$s/w.w.REoYi6liA56jfRVOV/lwz7BT6Dd2VL1OJTN3rgn9zAkcLM2	USER	ACTIVE
7	2026-02-01 17:26:09.283048	byasdf@naver.com	$2a$10$4rf/3gkViFv6Sjzn2KSi4.RuZn0Aqa02.d.Bngsb/TV5DGHvkP5zS	USER	ACTIVE
8	2026-02-01 17:55:24.411423	Test2@naer.com	$2a$10$OzkxWck4zQYtfdpW5YP9ReYU2CbgOxBtDF7wjqX1qZYDCjgeMnmsS	USER	ACTIVE
\.


--
-- Data for Name: 사용자_프로필; Type: TABLE DATA; Schema: public; Owner: bankuser
--

COPY public."사용자_프로필" ("사용자_id", "생성일시", "이름", "핸드폰번호", "주민번호_암호화", "수정일시", "주소") FROM stdin;
1	2026-01-26 16:32:05.37668	성시우	010-3949-2030	000329-3929939	2026-01-26 16:32:05.37668	\N
4	2026-01-26 16:57:59.706386	tjdtldn	010-3949-2033	000294-4020030	2026-01-26 16:57:59.706386	\N
5	2026-01-26 17:15:04.489824	성시우	010-3049-3049	000317-3043000	2026-01-26 17:15:04.489824	\N
6	2026-01-26 17:19:51.366372	성시우	010-3049-3049	000317-3043000	2026-01-26 17:19:51.366372	\N
7	2026-02-01 17:26:09.296077	성시우	010-3855-0988	000317-2323030	2026-02-01 17:26:09.296077	\N
8	2026-02-01 17:55:24.422979	su	010-0000-0000	000323-4929399	2026-02-01 17:55:24.422979	석계로
\.


--
-- Name: 계좌_id_seq; Type: SEQUENCE SET; Schema: public; Owner: bankuser
--

SELECT pg_catalog.setval('public."계좌_id_seq"', 1, false);


--
-- Name: 리프레시_토큰_토큰_id_seq; Type: SEQUENCE SET; Schema: public; Owner: bankuser
--

SELECT pg_catalog.setval('public."리프레시_토큰_토큰_id_seq"', 4, true);


--
-- Name: 사용자_사용자_id_seq; Type: SEQUENCE SET; Schema: public; Owner: bankuser
--

SELECT pg_catalog.setval('public."사용자_사용자_id_seq"', 8, true);


--
-- Name: 사용자 uk2h8xpwfdg83r6ndi8vgn0wu8; Type: CONSTRAINT; Schema: public; Owner: bankuser
--

ALTER TABLE ONLY public."사용자"
    ADD CONSTRAINT uk2h8xpwfdg83r6ndi8vgn0wu8 UNIQUE ("이메일");


--
-- Name: 리프레시_토큰 uk5vmlih8ut28elexl7wrs1n902; Type: CONSTRAINT; Schema: public; Owner: bankuser
--

ALTER TABLE ONLY public."리프레시_토큰"
    ADD CONSTRAINT uk5vmlih8ut28elexl7wrs1n902 UNIQUE ("사용자_id");


--
-- Name: 계좌 계좌_pkey; Type: CONSTRAINT; Schema: public; Owner: bankuser
--

ALTER TABLE ONLY public."계좌"
    ADD CONSTRAINT "계좌_pkey" PRIMARY KEY (id);


--
-- Name: 리프레시_토큰 리프레시_토큰_pkey; Type: CONSTRAINT; Schema: public; Owner: bankuser
--

ALTER TABLE ONLY public."리프레시_토큰"
    ADD CONSTRAINT "리프레시_토큰_pkey" PRIMARY KEY ("토큰_id");


--
-- Name: 사용자 사용자_pkey; Type: CONSTRAINT; Schema: public; Owner: bankuser
--

ALTER TABLE ONLY public."사용자"
    ADD CONSTRAINT "사용자_pkey" PRIMARY KEY ("사용자_id");


--
-- Name: 사용자_프로필 사용자_프로필_pkey; Type: CONSTRAINT; Schema: public; Owner: bankuser
--

ALTER TABLE ONLY public."사용자_프로필"
    ADD CONSTRAINT "사용자_프로필_pkey" PRIMARY KEY ("사용자_id");


--
-- Name: 리프레시_토큰 fk62q8w7xjwmr7x05fsw1gpr3st; Type: FK CONSTRAINT; Schema: public; Owner: bankuser
--

ALTER TABLE ONLY public."리프레시_토큰"
    ADD CONSTRAINT fk62q8w7xjwmr7x05fsw1gpr3st FOREIGN KEY ("사용자_id") REFERENCES public."사용자"("사용자_id");


--
-- Name: 사용자_프로필 fkcd9ivot3ps9a5ekivsxj8t0xm; Type: FK CONSTRAINT; Schema: public; Owner: bankuser
--

ALTER TABLE ONLY public."사용자_프로필"
    ADD CONSTRAINT fkcd9ivot3ps9a5ekivsxj8t0xm FOREIGN KEY ("사용자_id") REFERENCES public."사용자"("사용자_id");


--
-- Name: 계좌 fkm9ixltjm6owobtik1415ckndv; Type: FK CONSTRAINT; Schema: public; Owner: bankuser
--

ALTER TABLE ONLY public."계좌"
    ADD CONSTRAINT fkm9ixltjm6owobtik1415ckndv FOREIGN KEY ("사용자_id") REFERENCES public."사용자"("사용자_id");


--
-- Name: SCHEMA public; Type: ACL; Schema: -; Owner: yes
--

REVOKE USAGE ON SCHEMA public FROM PUBLIC;
GRANT ALL ON SCHEMA public TO PUBLIC;


--
-- PostgreSQL database dump complete
--

\unrestrict huwsPbtWOgAnEAqzA3uNc7qioWcYfB7sAiXE0hombuzp0Ibyw7td4mTlRNRDJlP

